id,应用名,描述,应用链接PC端,应用链接移动端,ks3store,update_avatar
1,WPS AI应用实操课,WPS AI应用实操课,https://kps.wps.cn/edu-pcweb/kpsDetail/f054cc04d39e41e8b3881cef0b8dc059,https://kps.wps.cn/edu-h5/kpsDetail/f054cc04d39e41e8b3881cef0b8dc059/?route=1,DD1AFB29M2ViOTFlNGYzM2E1NmVmOWUyYjYyMjhkNWU4MzUyMmE6a3MzOndvYS1zdGF0aWM=,false
2,AI 资料查找,智慧搜索尽在掌握,https://lingxi.wps.cn/search,https://lingxi.wps.cn/search,DD1AFB29MTllOWJiMWM2YzNmYzM2YjBmM2FhZjg0Njg1ZmEwZmY6a3MzOndvYS1zdGF0aWM=,false
3,文档迁移工具,一键迁移个人文档，快速同步个人会员权益,https://edu.wps.cn/operation/relatedAccount?utm_source=promotion_from_edu&chn=woa,,DD1AFB29NmM1ZDc5MTYxMGMwOGVkMTYzMzM1ZTg0MTAzM2I3YjE6a3MzOndvYS1zdGF0aWM=,false
4,教研数据,数字教研全流程数据监控,https://ewb.wps.cn/datastat/home?chn=wps_pc_xiezuo_workspace,,DD1AFB29MTZkZGM3Y2E5YjZhOTFkYTg4ZmIwODZiMGVhNzk0NzA6a3MzOndvYS1zdGF0aWM=,false
5,教师教学评价,教师教学评价,https://f.wps.cn/ksform/ots/101510,,DD1AFB29ZTdjNzk2ZmFjNzE1MjU0M2IwMzEwMmYyOWVkODU3NzE6a3MzOndvYS1zdGF0aWM=,false
6,作品上传投票,作品上传及投票,https://365.kdocs.cn/3rd/docer/new/dbsheet/900002841/0-0?from=woa_edu_workspace,,DD1AFB29ZDY1ZjVlNzBmODY1OGUyZTJhYTI3M2Q5MzE1MWQ3MzY6a3MzOndvYS1zdGF0aWM=,false
7,活动报名查询,活动报名及查询,https://365.kdocs.cn/3rd/docer/new/dbsheet/900002792/0-0?from=woa_edu_workspace,,DD1AFB29ZmUwYjMwZTliMjQ2NDU0MDgxNWNlYzljNDMzYWY1N2I6a3MzOndvYS1zdGF0aWM=,false
8,活动筹备分工,活动筹备及分工,https://365.kdocs.cn/3rd/docer/new/search/dbsheet/900001293?keyword=%E6%B4%BB%E5%8A%A8&from=woa_edu_workspace,,DD1AFB29N2ZmMDI2MzI1MzVlOGEyOTdjMzBlMjQyNTcwM2I3MDc6a3MzOndvYS1zdGF0aWM=,false
9,学生返校信息收集,学生返校信息收集,https://365.kdocs.cn/3rd/docer/new/dbsheet/900002988/0-0?from=woa_edu_workspace,,DD1AFB29YWFjZWNhZDg1NTUzZWZhMWEwNjkwNDIxYTVkZGVkZDY6a3MzOndvYS1zdGF0aWM=,false
10,学生假期去向管理,学生假期去向管理,https://365.kdocs.cn/3rd/docer/new/dbsheet/900002988/0-0?from=woa_edu_workspace,,DD1AFB29ZTk0NjU2ZmVjZTNiOGVkNDU4ZjgyMWY2NzIwZTg1MTg6a3MzOndvYS1zdGF0aWM=,false
11,论文文献管理,论文文献管理,https://365.kdocs.cn/3rd/docer/new/dbsheet/900001926/0-0?from=pc_mymbshare,,DD1AFB29YTg1Y2I5NjdjNmE2YjQ0OTRmNGU0ZGVjZmNhZGEyOWY6a3MzOndvYS1zdGF0aWM=,false
12,教研,基于资源协同的一站式数字化教研平台,https://ewb.wps.cn/?chn=wps_pc_xiezuo_workspace,,DD1AFB29YjQ1NTcxNGYwZGNlYzZiOGFiNGZmYTQyYTNkZTllNzk6a3MzOndvYS1zdGF0aWM=,false
13,精品课,暂无,https://edu.wps.cn/,https://edu.wps.cn/,DD1AFB29ZTYwMzg2ZGNkY2IwMjEyZjEzNDQxMjYyZjNkOTk0NWI6a3MzOndvYS1zdGF0aWM=,false
14,KOS认证,金山推出的“学、练、考、评”一体化办公技能认证平台，旨在为学生及职场人士等所有需要使用WPS Office软件的用户人群提供的办公技能人才培育及认证平台,https://kos.wps.cn/kos-auth/intro,https://kos.wps.cn/m,DD1AFB29YjM2YWUzODcyNWM0ZWFiMmEwMGQwZDk1ZjdhMjkyMzY6a3MzOndvYS1zdGF0aWM=,false
15,计算机二级,暂无,ksoqing://type=ksolaunch&cmd=L3dwc2Nsb3VkbGF1bmNoIC9ydW5fYXBwICIvYXBwX2lkPXdwc2V4YW0iICIvYXBwX3BhcmFtcz1MM0YxWlhKNVUzUnlhVzVuUFhObGNtbGxjMVI1Y0dVOWJtTnlaVEltYzJsa1pVNWhkajF0WVdsdSIgL3NyYz10ZXN0&token=a077c685ffc093a7c87b8a3a7e11899a&cert_token=IM8/5t3Uw5N83Lho1If7TP81KECRuKV5dUhQAulR8gzl3DCMIaydpEAvpAMvn6Y09ULPvmoLIeYvEU7IxJqBFAEdPz6yqNtUAeKAt3KZgMwbOitMQqS81QUp8LdRtsk8WKQWITYATOj/djefiPU9uVSb3ZgaZT1lN2rTSCtkJzqup5l171Ki0YYKC1ww5tHc2/lN/oMcAJRTswwhO9dJdeNXvWo3BXsesPFBiLarI++rZLe4nTjiWAEYWiQfx2plvpaamfeHiTArgWNr4YPx1MVaW285x2lY2EapZXcCqDnDx42EzzBYWcEHJHf4c4sZz8h/0gszFyrN9wov9NylKQ==&cert_type=fixurl&business_from=enterprise,https://edu-m.wps.cn/detail/18e39765271d4cfdb7fcf6c9fe77e8fe,DD1AFB29NTRmNjQ1NGNiODczOTljMTg2ZjgzN2FmMWFlYmMxYTM6a3MzOndvYS1zdGF0aWM=,false
16,计算机一级,暂无,ksoqing://type=ksolaunch&cmd=L3dwc2Nsb3VkbGF1bmNoIC9ydW5fYXBwICIvYXBwX2lkPXdwc2V4YW0iICIvYXBwX3BhcmFtcz1MM0YxWlhKNVUzUnlhVzVuUFhObGNtbGxjMVI1Y0dVOWJtTnlaVEVtYzJsa1pVNWhkajF0WVdsdSIgL3NyYz10ZXN0&token=b9f0fbb4936645b096be986cfaabf59f&cert_token=o4/LH7IEi4QdyRRHpvm9TEVt97gkfcUayVqs8jIzM+tkOIDzEitxs7NqLE/nrcxRcECS6a5hqCjJFMxDciCvExsnB8a+gkgLaUachby2c73AgKMyuB9WW1FG5039KMGqVZswCwIWjvgmnDu445lvHctuKxmJk8IMTSrAfIsQVuMyXxW4p8YF6rSqq/OpdERKvbWt1l191Yjdw/76knwtAvhUcPWGtxMwZ4irMlIOHsYNfWysqUKmI+SPdO6BLpKetRKfUk+IaV8Kr+tZsjAioyLHiiP97XgpZZUX+rug53MVThBIYJfvdLMBK4kGkdSk1debI5wxv4XGnkQkuJafnw==&cert_type=fixurl&business_from=enterprise,https://edu-m.wps.cn/detail/011c2642731247e5bd2d6fb654a566c1,DD1AFB29OWFmMGUzZWEzNWFhOGY3MmQzODQ2MDVlYmM3NzYxNTY6a3MzOndvYS1zdGF0aWM=,false
17,WPS帮助中心,WPS 365教育版知识库，汇集各功能使用教程,https://365.kdocs.cn/wiki/l/0lcrGMUh9sQ78r/qa/?from=grouptitle,https://365.kdocs.cn/wiki/l/0lcrGMUh9sQ78r/qa/?from=grouptitle,DD1AFB29NjNkMDNjOThkMGNjZjNkMDg5ZGYzMTkzNzk5YjZlNGI6a3MzOndvYS1zdGF0aWM=,false
18,文件收集,暂无,https://yunbiz.wps.cn/c/,https://yunbiz.wps.cn/c/,DD1AFB29MDIyZGY5ZTBkMzVkYTUwNDIzZTVlMGNlZjQzNThlY2Q6a3MzOndvYS1zdGF0aWM=,false
19,数字党建,便捷管理组织内党员信息,https://abp.wps.cn/p/wps/enter/AK20240109JNHUBC,https://abp.wps.cn/p/wps/enter/AK20240109JNHUBC,DD1AFB29MzBlM2EzMTBiMTI2MGM1OGY3Y2QwMTVjMDlkYWE4ZWE6a3MzOndvYS1zdGF0aWM=,false
20,AI 论文解读,暂无,https://lingxi.wps.cn/read,https://lingxi.wps.cn/read,DD1AFB29NzhlMWY0ZmZiMjAzYWQ5NmU3Y2Q1MGFhODc3NzYyNmE6a3MzOndvYS1zdGF0aWM=,false
21,AI PPT助手,暂无,https://lingxi.wps.cn/ppt,https://lingxi.wps.cn/ppt,DD1AFB29OTViZjRhMmNjNTk5MzJmNGM3MWU3YmNhMmU1NDdkZDM6a3MzOndvYS1zdGF0aWM=,false
22,AI 写作助手,暂无,https://lingxi.wps.cn/creative,https://lingxi.wps.cn/creative,DD1AFB29N2IyNWMyMDYwNDc0N2Y0MmNlZmY4OTZlMGUzMGM4ZTY6a3MzOndvYS1zdGF0aWM=,false
23,知情同意书,暂无,https://edu.wps.cn/form/informed,https://edu.wps.cn/form/informed,DD1AFB29MjEyOWY4ZDE3OTgyYjdkYjAzY2I2YTQ2NTVlYTAxOTY6a3MzOndvYS1zdGF0aWM=,false
24,WPS学堂,Office技巧学习平台,https://www.wps.cn/learning/,https://www.wps.cn/learning/,DD1AFB29NzM3N2IxYmQ1ZTQxOGU3M2RjMmZiYjE3ZDA1ODY3NjE6a3MzOndvYS1zdGF0aWM=,false
25,作品投票,暂无,https://edu.wps.cn/form/vote/fwps?type=template&templateType=SYSTEM_TEMPLATE&id=19&chn=wps_collaborate_pc_workspace,,DD1AFB29OGRlMmM0MWM2ZDdiNjEwYWMyMzdjZGFiZjdkZTNlOTE6a3MzOndvYS1zdGF0aWM=,false
26,作业收集,暂无,https://yunbiz.wps.cn/c/,https://yunbiz.wps.cn/c/,DD1AFB29NmYxNGFlMmExNDY0YzIyYWQyOGIxOTczYWJlNGQ5ODE6a3MzOndvYS1zdGF0aWM=,false
27,WPS AI实训室,聚焦WPS Al智能化办公人才培养,https://ewb.wps.cn/aiTraining/student,https://ewb.wps.cn/aiTraining/student,DD1AFB29ZGFlMjdjZTkxZGE4N2NjZjcxN2RhN2FlZjBkNWJmOTM6a3MzOndvYS1zdGF0aWM=,false
28,WPS实训室·学生端,WPS实训室·学生端,ksoqing://type=ksolaunch&cmd=L3dwc2Nsb3VkbGF1bmNoIC9ydW5fYXBwICIvYXBwX2lkPXdwc2V4YW0iICIvYXBwX3BhcmFtcz1MM0YxWlhKNVUzUnlhVzVuUFhObGNtbGxjMVI1Y0dVOWVYVnlaVzRtYzJsa1pVNWhkajE1ZFhKbGJpMWxlR0Z0TFcxaGFXNG1aWGhoYlZObGRHUTlMdz09IiAvc3JjPXRlc3Q=&token=c5431043378edac93cf4d382511b88eb&cert_token=rSABsCxhbz3qs8rvtYh7pZQB08gx7Kp0nhOhL3pMwx1MJvs3SzUROsoD0ge8hQSnfwoJLGv5uShCc7WawfKGyPNLNNpA8Jg7RYcS/PJuAD0WJfpQwzN8pLTQ1kN6S53x4wv3pwEzqn3nJK8/InmSjwBOv2kjVmZcVBWWE8VZ79es83PlsI2etI/m8z3r32fSIO6OiorX3a331RcHahZt7qd+TwDY0UEWahMc9nh5UAd7lH9lue2JiyT4PFGhhnZf3mamKpQJN5l82FsMYe2s1lbj3Q0z+/N5fVbOY7dCABQLScLL1ZE7F6H2D71M6bHTHU4jQGVeuM8InhXbTXD9Tw==&cert_type=fixurl&business_from=enterprise,,DD1AFB29Yjk5ZDM1Yjc3Nzc2NzY4OThlMmVhNjEyMzNjZjViMzk6a3MzOndvYS1zdGF0aWM=,false
29,WPS实训室·教师端,WPS实训室教师端管理后台,https://kps.wps.cn/admin/login?code=<companyId>,,DD1AFB29N2M0Yzc3OTE5OTNhYjRkOWNmZTYxYWEwMzg1Mzc4Y2Y6a3MzOndvYS1zdGF0aWM=,false
30,实训,WPS一站式办公技能提升平台,https://wps-ncre.u.wps.cn/web#/dashboard,https://wps-ncre.u.wps.cn/web#/dashboard,DD1AFB29OTI0ZGVhZjkwYWRjMjcyYmYyYzIxNTkzMWQwNDZlNDQ6a3MzOndvYS1zdGF0aWM=,false
31,灵犀,WPS官方推出的AI 原生办公应用，专注于提升用户的办公效率与创作体验,https://copilot.wps.cn/,https://copilot.wps.cn/,DD1AFB29NmI3ZDFmMTg0YjdmMzhlYzkxNjVhNTI4ZmEyMThjMWE6a3MzOndvYS1zdGF0aWM=,false
32,投票,快捷发起管理校内投票,https://edu.wps.cn/form/vote?chn=wps_collaborate_pc_workspace,https://edu.wps.cn/form/vote?chn=wps_collaborate_pc_workspace,DD1AFB29Yjk5MzBkOTBhMjk5NDMxOGE1ZjU1ODI1NTE4NzJmMTU6a3MzOndvYS1zdGF0aWM=,false
33,工具百宝箱,汇集课前备课、课程教学、课后作业、班务日常等各类提效工具,https://ewb.wps.cn/toolsBox?chn=wps_pc_xiezuo_workspace,https://ewb.wps.cn/toolsBox?chn=wps_pc_xiezuo_workspace,DD1AFB29ODQ1NGJkMDYwNDVjMzkxNjM4NjkwYmZjZGI3MDJkNjc6a3MzOndvYS1zdGF0aWM=,false
34,校本资源,汇集官方提供、校本共建共享的各类教学资源,https://ewb.wps.cn/resource?reloadMenuKey=resource_university&chn=wps_pc_xiezuo_workspace,,DD1AFB29YzFiZTA0NjNkNTlkM2Q5YTNiY2M2NTdkY2Q5OGEwN2E6a3MzOndvYS1zdGF0aWM=,false
35,集体备课,支持发起集体备课任务、在线听评、评课收集等在线协同教研,https://ewb.wps.cn/lessonsGroup?chn=wps_pc_xiezuo_workspace,https://ewb.wps.cn/lessonsGroup?chn=wps_pc_xiezuo_workspace,DD1AFB29YzA0ZWQ0YTMxZjllNGY2MzU0OGY2N2NjODdkNmI5OTU6a3MzOndvYS1zdGF0aWM=,false
36,个人备课云盘,云端存储备课文件资源、作业一键收集,https://ewb.wps.cn/lessons?chn=wps_pc_xiezuo_workspace,https://ewb.wps.cn/lessons?chn=wps_pc_xiezuo_workspace,DD1AFB29YWIxYTg1ZTFlMTUzY2VlYzY2ZTM1ODUwYTQ1M2RhNDQ6a3MzOndvYS1zdGF0aWM=,false
